year,CTYNAME,month,type,amount
1985,OPEC,1,1,1733
1986,OPEC,1,2,2631
1987,OPEC,1,2,1344
1989,OPEC,1,1,2241.4
2011,Greenland,1,1,0.954153
2012,Greenland,1,1,0.268403
1988,Canada,1,1,5973.5
1989,Canada,1,1,7411.2
1990,Canada,1,1,6799